{"cameraMode":{"drawMode":0,"name":"Shaded","section":"Shading Mode"},"sceneLighting":false,"audioPlay":false,"sceneViewState":{"showFog":true,"showMaterialUpdate":false,"showSkybox":true,"showFlares":true,"showImageEffects":true,"showParticleSystems":true},"in2DMode":false,"pivot":{"x":-0.07072556018829346,"y":1.7707576751708985,"z":3.1774191856384279},"rotation":{"x":0.5698360204696655,"y":-0.007877535186707974,"z":0.005465067457407713,"w":0.8217533230781555},"size":13.025522232055664,"orthographic":false}